session_id,user_id,course_id,session_date,minutes,notes
1,11,10,2025-06-24,32,Couple finally kid talk machine skill financial far.
2,13,3,2025-07-17,160,Find do people soldier each show others.
3,32,2,2025-07-05,150,Property travel keep think outside information understand analysis poor bag.
4,18,3,2025-07-16,38,Financial soldier threat page report team.
5,1,8,2025-07-06,71,Attack dark ability so nation soon letter sign name each.
6,32,10,2025-05-28,177,Use morning both painting organization sign modern.
7,23,1,2025-05-18,159,Admit daughter throughout option part.
8,1,8,2025-07-22,69,Employee win goal view enter help walk majority represent.
9,8,5,2025-05-16,137,Painting throughout significant staff similar meeting treat water.
10,36,1,2025-07-14,88,Involve eye above baby walk laugh century direction.
11,9,4,2025-06-12,36,Gas charge hundred by clear my.
12,33,4,2025-06-06,44,Into throughout eye someone miss.
13,16,1,2025-08-08,122,Instead test purpose bank report care while himself each four.
14,37,1,2025-06-11,161,Cover point civil window local avoid sing.
15,12,6,2025-08-07,48,Perhaps determine gun little public particular gun collection between left.
16,10,5,2025-05-22,60,Surface modern food apply outside quality.
17,20,7,2025-05-30,26,Born artist main yard.
18,26,8,2025-07-14,90,Above fight pull society society.
19,4,1,2025-06-24,21,Beautiful century help after find line all shoulder.
20,34,4,2025-06-24,97,Race perform point culture have lose their throw girl relate.
21,31,5,2025-06-08,120,Strategy seem send interview subject three after.
22,18,8,2025-06-19,110,Pm crime about fight alone industry.
23,20,3,2025-05-30,45,View skill receive movement image effort structure cause.
24,28,2,2025-05-17,61,Source operation radio sometimes or either base impact left.
25,5,3,2025-06-30,100,Always purpose language scientist check whose.
26,40,1,2025-08-06,137,White safe participant north top others night series.
27,37,1,2025-05-17,155,Enter name protect source cause strong positive push.
28,23,2,2025-07-28,36,Whose bed article middle section hour notice.
29,11,9,2025-07-30,161,Into cost week light hear.
30,6,7,2025-08-10,38,Catch indeed dinner including half.
31,15,2,2025-06-27,147,He rule marriage foot feel free.
32,21,9,2025-05-27,31,Nation may concern main fish little anything interest.
33,22,1,2025-07-16,96,Consider affect skin leader stay yard find professor father order.
34,24,4,2025-06-24,180,With defense ever choose feeling money.
35,14,3,2025-07-16,34,Ok deep since education can.
36,1,4,2025-08-11,45,Health film various six.
37,3,9,2025-07-24,95,Thought color stage before product.
38,23,7,2025-07-20,21,Popular century daughter quickly itself around clearly.
39,28,9,2025-07-19,23,Model south other weight ago part story.
40,30,7,2025-07-31,121,Seven message consider argue best occur pressure box onto economy.
41,32,1,2025-07-26,113,Make them space alone other provide miss foot site off.
42,23,3,2025-06-08,81,Success see beat everything until grow government finish three prove.
43,10,4,2025-06-19,178,Last school break face organization.
44,35,10,2025-06-27,53,Eye myself himself film or create our cup not man magazine.
45,6,7,2025-07-06,168,But past will simple course nice series Democrat early.
46,22,9,2025-06-09,44,Mrs despite billion type doctor.
47,24,5,2025-05-14,120,Computer think home gas front education.
48,9,6,2025-06-29,28,Couple from question change determine popular.
49,9,8,2025-05-14,162,Husband five heart green full.
50,15,5,2025-07-06,58,Site here activity as phone.
51,16,2,2025-08-11,32,Particular serve trip hot learn term.
52,13,9,2025-05-20,176,They fly beyond week project power imagine throughout.
53,39,2,2025-05-22,178,Capital more him there those Congress.
54,40,3,2025-06-04,109,None interview control system method lead including.
55,11,7,2025-06-11,91,Business risk certain although environmental chance.
56,33,8,2025-08-02,58,Hotel though policy fast time.
57,3,9,2025-06-18,82,Congress against factor ball machine finally.
58,25,3,2025-06-17,143,Dream tough prevent hope affect toward room scientist.
59,5,4,2025-08-06,43,Magazine case table across your girl measure whatever key key without.
60,3,4,2025-06-24,155,All that follow land quality actually area.